key,valor,
site_name,Flutter Restaurant,
setting_label,Ajuste,
lbl_search_shop,buscar tienda,
status_label,transacciones Estado,
trans_detail,Detalle de transacciones,
shops_unpublish_list_label,Lista inédito Shop,
btn_create_new_shop,Crear nueva tienda,
btn_shop_list,Lista Despublicar Shop,
btn_push_notification,Notificación de inserción,
btn_system_user,usuario del sistema,
btn_export_database,Base de datos de exportación,
btn_about_app,Acerca de Aplicación,
address_label,Habla a,
lbl_about_shop,sobre la tienda,
lbl_categories,categorías,
user_email,Email,
user_password,Contraseña,
sign_in,Registrarse,
Total de mensajes de contacto,Total de usuarias,
total_cat_count_label,Categorías totales,
total_wallpaper_count_label,Fondos de pantalla totales,
total_contact_label,Totoal Contacto Mensajes,
btn_search,Buscar,
back_shop_list,Volver Lista Shop,
err_image_missing,subido ningún archivo,
about_info,Acerca de Información,
allowed_modules,Módulo permitido,
shop_name,Nombre de tienda,
add_more_color,Añadir más color,
color_code,color del Comida,
product_title,Título,
product_desc,Descripción,
add_more_spec,Añadir más Especificación,
prd_specification,Especificaciones del Comida,
product_name_count,Conde Nombre del Comida,
select_multiple_images,"Por favor, seleccione múltiples imágenes de los Comidas.",
noti_add,Añadir Notis,
prd_unit,Unidad Comida,
prd_measurement,La medición del Comida,
noti_search,Buscar Noti,
error_login,Sus credenciales de inicio de sesión son incorrectas. Inténtalo de nuevo.,
profile_img,Imagen de perfil,
cat_add,añadir categorías,
wrn_no_data,No hay datos aún,
cat_name,nombre de la categoría,
cat_img,Categoría de fotos,
cat_info,Información de la Categoría,
cat_ordering,Ordenando,
cat_edit,Editar categoria,
success_cat_add,Categoría se ha añadido con éxito,
success_cat_edit,Categoría se ha actualizado correctamente,
success_upload,La imagen se ha actualizado correctamente,
delete_cat_label,Eliminar categoría?,
cat_yes_all_message,"Cuando eliminar esta categoría, se eliminarán todas las subcategorías relacionadas y Comidas también. Así que, ¿todavía desea eliminarlo?",
success_cat_delete,Categoría se ha eliminado correctamente,
cat_search,la búsqueda Categoría,
cat_icon,Icono Categoría,
btn_replace_icon,reemplazar Icono,
upload_icon,Subir Icono,
about_upload_icon,Subir Icono,
fav_upload_icon,Fav Icon,
sidebar_upload_icon,Logotipo de la barra lateral,
btn_upload,Subir,
err_cat_name,Por favor proporcione nombre de la categoría,
err_cat_len,La longitud del nombre de categoría debe ser mayor que 4,
err_cat_exist,Nombre de categoría ya está existía en el sistema,
subcat_info,Información Categoría Sub,
subcat_name,Subcategoría Nombre,
subcat_ordering,Orden de la categoría sub,
subcat_img,Categoría Sub fotos,
subcat_icon,Sub Icono,
subcat_search,Buscar categoría Sub,
subcat_add,Añadir categoría Sub,
subcat_edit,Editar categoría Sub,
success_subcat_edit,Sub se ha actualizado correctamente,
success_subcat_add,Sub se ha añadido con éxito,
success_subcat_delete,Sub se ha eliminado correctamente,
err_subcat_name,"Por favor, indique el nombre sub-categoría",
err_subcat_len,La longitud del Subcategoría Nombre debe ser mayor que 4,
err_subcat_exist,Subcategoría Nombre ya existía en el sistema,
delete_subcat_label,Eliminar categoría Sub?,
subcat_delete_confirm_message,¿Estás segura de eliminar esta subcategoría?,
subcat_yes_all_message,"Cuando eliminar esta categoría sub, borrará todos los Comidas relacionados también. Así que, ¿todavía desea eliminarlo?",
subcat_no_only_message,<B> Sólo Sub </ b> - Sólo serán Sub eliminar de sistema.,
subcat_yes_all_label,Si todo,
subcat_no_only_label,Sólo Sub Categoría,
select_subcat,Seleccionar categoría Sub,
select_cat,selecciona una categoría,
subcat_panel_title,Lista de categoría sub,
Prd_search_cat,Elija un nombre de categoría,
btn_reset,Reiniciar,
btn_yes,si,
upload_photo,Subir foto,
upload_button,Subir,
replace_photo_button,Vuelva a colocar la foto de portada,
photo_desc_label,descripción de la foto,
del_cover_photo,Eliminar la foto de portada,
del_cover_photo_confirm,¿Está seguro de que quiere borrar la foto?,
del_icon_label,Icono de borrar,
del_icon_confirm,¿Está seguro de que quiere borrar el icono?,
status,Status (Is Publicar?),
dis_name,Nombre de descuento,
dis_add,add Descuentos,
dis_percent,Porcentaje de descuento (%),
choose_prd_label,Elija los Comidas,
dis_info,Información acerca del descuento,
dis_photo,Foto de descuento,
prd_name,nombre del Comida,
prd_code,Código,
product_price,Precio ($),
dis_add,add Descuentos,
success_dis_add,Descuentos se ha añadido con éxito,
success_dis_edit,Descuentos se ha actualizado con éxito,
delete_dis_label,Descuentos eliminar?,
dis_delete_confirm_message,¿Está seguro que desea borrar esta Descuentos?,
dis_edit,Editar Descuentos,
err_dis_name,"Por favor, indique el nombre del descuento",
err_dis_percent,Sírvanse proporcionar Porcentaje de descuento,
err_dis_len,La longitud del nombre del descuento debe ser mayor que 4,
err_dis_exist,Nombre de descuento ya está existía en el sistema,
success_dis_delete,Descuentos se ha eliminado correctamente,
discount_photo,Foto de descuento,
dis_search,Buscar Descuento,
feed_add,Añadir nuevo contenido,
feed_info,Informaciones nuevos feeds,
feed_name,nombre de la alimentación,
feed_desc,Descripción RSS,
feed_edit,Editar feeds,
success_feed_add,Nuevos feeds se ha añadido con éxito,
success_feed_edit,Nuevos feeds se ha actualizado con éxito,
err_dup_name,El nombre ya se existía en el sistema,
err_feed_exist,Nombre alimentación ya está existía en el sistema,
delete_feed_label,Eliminar Nueva RSS?,
feed_delete_confirm_message,¿Está seguro que desea borrar este nuevo contenido?,
success_feed_delete,Nuevos feeds se ha eliminado correctamente,
f_item_cat_required,"Por favor, seleccione Nombre de categoría",
err_feed_len,La longitud de RSS Nombre debe ser mayor que 4,
err_feed_name,"Por favor, indique el nombre RSS",
feed_search,RSS Buscar,
feed_gallery,Galería RSS,
list_product_nav,Comida,
prd_add,Añadir Comida,
att_add,Añadir nuevo Personalizada,
add_att_detail,Añadir nueva detallada Personalizada,
list_attribute_header,Personalizada Lista de cabeceras,
wrn_no_data,No hay datos aún,
product_name,nombre del Comida,
att_name,Nombre del Personalizada,
Prd_search_subcat,Seleccione Subcategoría Nombre,
Prd_search_dis,Seleccionar el tipo de descuento,
product_gallery,Galería de Comidas,
prd_info,Información del Comida,
rec_prd_info,Recientemente agregado Comidas,
att_info,información de Personalizadas,
prd_desc,Descripción del Comida,
prd_high_info,Información culminante del Comida,
prd_edit,Editar Comida,
prd_code,Código de Comida,
success_prd_add,Comida ha sido agregado con éxito,
success_prd_edit,El Comida ha sido actualizado correctamente,
success_upload,La imagen se ha actualizado correctamente,
delete_prd_label,Eliminar Comida?,
prd_yes_all_message,"Cuando eliminar este Comida, eliminará todas las categorías sub relacionados y categoría también. Así que, ¿todavía desea eliminarlo?",
success_prd_delete,Comida se ha eliminado correctamente,
prd_search,búsqueda de Comidas,
btn_save_prd_att,Personalizada Guardar & Go Para Comida,
btn_att_list,Lista de Personalizadas,
btn_save_gallery,Guardar y Ir a la galería,
unit_price,Precio unitario,
search_tag,Búsqueda de etiquetas / palabra clave,
f_item_subcat_required,Por favor seleccione Subcategoría Nombre,
f_item_discount_required,"Por favor, seleccione Nombre de categoría",
err_Prd_name,"Por favor, indique el nombre del Comida",
err_Prd_len,La longitud del nombre del Comida debe ser superior a 4,
err_Prd_exist,Nombre del Comida ya está existía en el sistema,
is_discount,Descuento es?,
is_featured,Se ofrece?,
is_available,¿Está disponible?,
order_by,Por fin,
select_order,Seleccione el orden,
from_price,desde Precio,
to_price,Poner precio,
shipping_cost,Costo de envío,
minimum_order,Pedido mínimo,
original_price,Precio original,
err_access,"Lo sentimos, usted no tiene acceso a tomar esta acción",
err_model,Se ha producido error de base de datos,
err_sys,Se ha producido un error del sistema,
btn_edit,Editar,
btn_update,Actualizar,
btn_delete,Eliminar,
btn_publish,Publicar,
no,No,
btn_save,Salvar,
btn_cancel,Cancelar,
btn_replace_photo,Vuelva a colocar las fotos,
Remove,Eliminar,
success_img_delete,La imagen se ha eliminado correctamente,
trans_date_label,Fecha,
success_user_add,Usuario del sistema se ha añadido con éxito,
success_user_edit,Usuario del sistema se ha actualizado correctamente,
need_to_verify,"Su correo electrónico necesidad de verificar con el código de verificación. Por favor, eche un vistazo a su correo electrónico registrado.",
count_detail,Cargos de Detalle,
add_att_detail,Añadir detalle Personalizada,
detail_label,Detalle,
att_edit,Editar Personalizada,
success_att_add,Personalizada se ha añadido con éxito,
success_att_edit,Personalizada se ha actualizado correctamente,
delete_att_label,Personalizada de borrado?,
att_yes_all_message,"Cuando elimine este encabezado personalizado, también eliminará todos los detalles personalizados relacionados. Entonces, ¿todavía quieres eliminarlo?",
success_att_delete,Personalizada se ha eliminado correctamente,
att_delete_confirm_message,¿Quieres eliminar todos los elementos menores que juntos Comida?,
att_search,Personalizada de búsqueda,
att_detail_search,Detalle Personalizada de búsqueda,
att_price,Personalizada de precio,
list_attribute_detail,Lista de detalles de Personalizadas,
selected_product_name,Nombre del Comida seleccionado,
selected_attribute_header,Personalizada seleccionado Nombre de encabezado,
att_detail_name,Nombre del Personalizada Detalle,
attribute_detail_extra_price,"(If your customized charge additional price, please provide additional price only. It will add to the Food's price as automatically.It not override the item price. Just add as additional price.  Eg; price_total = Food_price + customized_additional_pirce)",
success_attdetail_edit,Detalle Personalizada se ha actualizado correctamente,
success_attdetail_add,Detalle Personalizada se ha añadido con éxito,
attdetail_edit,Actualización de información de Personalizadas Detalle,
success_attdetail_delete,Detalle Personalizada se ha eliminado correctamente,
att_no_only_message,Sólo Personalizada - Sólo Detalle Personalizada eliminará del sistema.,
delete_attdetail_label,Borrar detalle Personalizada?,
err_att_name,"Por favor, indique el nombre Personalizada",
err_att_len,La longitud del nombre de Personalizada debe ser mayor que 4,
err_att_exist,Nombre del Personalizada ya está existía en el sistema,
att_detail_info,Detalle de información de Personalizadas,
err_detail_name,Sírvanse proporcionar Personalizada de nombre Detalle,
err_detail_len,La longitud del Personalizada Detalle El nombre debe ser mayor que 4,
err_detail_exist,Detalle Personalizada Nombre existía ya está en el sistema,
collect_search,Buscar,
collect_photo,colección de fotografías,
collect_name,Nombre de la colección,
collect_status,colección Estado,
collect_info,recopilación de Información,
collect_ordering,colección de pedido,
collect_img,colección de fotografías,
collect_search,Colección de búsqueda,
collect_add,Añadir Collection,
collect_edit,Editar colección,
success_collect_edit,Colección ha sido actualizado correctamente,
success_collect_add,Colección ha sido agregado con éxito,
success_collect_delete,Colección se ha eliminado correctamente,
err_collect_name,"Por favor, indique el nombre Colección",
err_collect_len,La longitud del Nombre de la colección debe ser mayor que 4,
err_collect_exist,Nombre de la colección ya está existía en el sistema,
delete_collect_label,Eliminar colección?,
collect_delete_confirm_message,¿Seguro que quieres eliminar esta colección?,
collect_yes_all_message,Sí Todo - Recogida y artículos serán eliminar del sistema.,
collect_no_only_message,Sólo Colección - Colección Sólo se eliminará a partir del sistema.,
collect_yes_all_label,Si todo,
collect_no_only_label,Sólo Colección,
please_select_product,"Por favor, seleccione Comida",
api_info,Ajuste api,
api_order_by,Por fin,
api_count,Conde api,
success_api_edit,Api ajuste se ha actualizado correctamente,
comm_user,usuarios,
comm_desc,comentario Descripción,
comm_date,Fecha,
write_reply,Escribir un comentario de respuesta,
btn_reply,Respuesta,
reply_cmt,comentario Responder,
comm_search,Buscar,
comment_header,comentarios,
date,Fecha,
reply,Respuesta,
like_product_name,nombre del Comida,
like_user_name,Nombre de usuario,
fav_product_name,nombre del Comida,
fav_user_name,Nombre de usuario,
trans_total_amount,Cantidad total,
trans_discount_amount,Importe de descuento,
trans_balance_amount,Balance total,
trans_billing_address,Dirección de Envio,
trans_delivery_address,Dirección de entrega,
btn_update,Actualizar,
trans_search,Las operaciones de búsqueda,
btn_update,Actualizar,
Prd_qty,Cantidad,
Prd_dis,Descuento(%),
Prd_amt,Cantidad,
Prd_dis_price,Precio de descuento,
trans_status,Transacciones Estado:,
success_trans_edit,Las transacciones de estado se ha actualizado correctamente,
Prd_name,nombre del Comida,
Prd_price,Precio del Comida,
popular_cat_name,Categoría Nombre populares,
popular_cat_img,Categoría populares de fotos,
view,Ver,
popular_cat_search,Buscar populares Categoría,
popular_cat_view,Categoría más popular,
popular_cat_info,Información populares Categoría,
popular_cat_icon,Categoría icono popular,
popular_prd_name,Nombre Popular Comida,
popular_prd_code,Código de Comida populares,
popular_prd_price,Popular El precio del Comida,
popular_prd_search,Buscar Popular Comida,
popular_prd_view,El más popular Comida,
popular_prd_info,Información Popular Comida,
popular_subcat_name,Sub populares Nombre de categoría,
popular_prd_desc,Descripción del Comida Popular,
popular_prd_keyword,Populares Palabras claves del Comida,
popular_prd_highlight,Resalte Popular Comida,
purchased_cat_name,Comprar Nombre de categoría,
purchased_cat_img,Categoría comprar fotos,
purchased_cat_view,Más Categoría comprada,
purchased_cat_info,Información Categoría comprado,
purchased_cat_icon,Categoría comprado Icono,
purchased_cat_search,Search adquiridos Categoría,
purchased_prd_name,Nombre del Comida comprado,
purchased_prd_code,Código del Comida comprado,
purchased_prd_price,Precio del Comida comprado,
purchased_prd_view,La mayor parte Comida adquirido,
purchased_prd_search,Buscar Comida adquirido,
purchased_subcat_name,Comprado Subcategoría Nombre,
purchased_prd_desc,Descripción del Comida comprado,
purchased_prd_keyword,Palabras claves del Comida comprado,
purchased_prd_info,Información del Comida comprado,
purchased_prd_highlight,Punto culminante del Comida comprado,
total_revenue,Las transacciones mensuales,
performance_label,Estadísticas,
comment_label,Comentario,
prd_label,Comidas Count,
cat_label,Categorías Count,
subcat_label,Conde subcategoría,
dis_label,Descuento,
collect_label,Colección,
view_all_label,Ver todo,
transaction_table,Tabla transacción,
name_label,Nombre,
description_label,Descripción,
phone_label,Teléfono 1 (por defecto),
contact_email_label,Email de contacto,
shop_cover_photo_label,Tienda de la foto de portada Subir,
shop_image_recommended_size,(Tamaño Recomendado: 600 × 400),
find_location_label,Encuentra tipo y ubicación de Google API,
shop_lat_label,Latitud,
shop_lng_label,Longitud,
success_shop_add,Tienda ha sido agregado con éxito,
success_shop_edit,La tienda se ha actualizado correctamente,
delete_shop_label,Eliminar Shop?,
shop_info,Información de la tienda,
delete_shop_confirm_message,¿Está seguro de que quiere eliminar el taller porque va a eliminar de?,
phone_label2,teléfono 2,
phone_label3,teléfono 3,
address_label1,Dirección 1,
address_label2,Dirección 2,
address_label3,dirección 3,
shop_icon_photo_label,Tienda Icono Foto Subir,
shop_image_recommended_size_icon,(Tamaño Recomendado: 256 × 256),
about_mess_label,Mensajero,
about_chart_section,Información de chat,
stripe_label,[Opción 1]: El pago con la raya,
stripe_publishable_key,publicable clave,
stripe_secret_key,Llave secreta,
stripe_enable_label,Se habilita la raya de pago?,
stripe_enable_label,Se habilita la raya de pago?,
paypal_label,[Opción 2]: El pago con Paypal Habilitado,
paypal_env_label,paypal Medio Ambiente,
paypal_merchant_label,PayPal ID del comerciante,
paypal_pub_label,Paypal clave pública,
paypal_pri_label,Paypal clave privada,
paypal_enabled_label,Está habilitado Paypal?,
bank_transfer_label,[Opción 3]: El pago mediante transferencia bancaria,
bank_account_label,Cuenta bancaria,
bank_name_label,Nombre del banco,
bank_code_label,Codigo bancario,
branch_code_label,Código de sucursal,
swift_code_label,código SWIFT,
bank_enable_label,Admite la transferencia bancaria?,
cod_label,[Opción 4]: El pago con pago contra reembolso,
cod_email_label,Correo electrónico de confirmación contra reembolso,
cod_enable_label,Se habilita Pago contra entrega?,
currency_symbol_label,"El símbolo de moneda (por ejemplo, $)",
currency_form_label,"Moneda Short Form (por ejemplo, USD)",
sender_email_label,Cuenta remitente de correo electrónico (SMTP),
btn_add_new,Añadir nuevos usuarios,
user_name,Nombre de usuario,
user_edit,editar usuario,
user_info,informacion del usuario,
user_add,Agregar usuarios,
role_label,Rol del usuario,
conf_password,Confirmar contraseña,
select_shop_label,"Si el usuario es 'Comprar Admin', por favor seleccione 'Comprar' para asignar",
contact_name,Nombre de contacto,
contact_email,Email de contacto,
success_contacts_delete,Contacto se ha eliminado correctamente,
delete_contact_label,Eliminar contactos?,
contact_delete_confirm_message,¿Está seguro que desea borrar esta Contactos?,
contact_info_label,Información de Contacto Detalle,
contact_phone,Persona de Contacto Teléfono,
about_contact_label,Acerca de contacto Mensaje,
lbl_view,Ver,
back_button,atrás,
contact_receive_message,Ha recibido un nuevo mensaje de nosotros contacto.,
rating_product_name,nombre del Comida,
rating_user_name,Nombre de usuario,
rating_value,Valoración,
rating_title,Título,
pending_count,Orden pendiente,
delivery_count,Orden de entrega,
completed_count,Orden completada,
order_count,Orden total,
shipping_method_label,Seleccionar Predeterminado Método de envío,
shipping_method,Método de envío por defecto,
shop_tags,Comercio electrónico Etiquetas,
overall_tax_label,En general Tributaria (%),
shipping_tax_label,Impuesto de envío (%),
whapsapp_no_label,Número Whatsapp,
refund_policy_label,Politica de reembolso,
privacy_policy_label,Política de privacidad,
privacypolicy,Términos y condiciones,
app_info_lable,Acerca de Información,
about_title_label,sobre el Título,
description_label,Descripción acerca,
about_email_label,Acerca de correo electrónico,
about_phone_label,Teléfono sobre,
about_website_label,Acerca de Enlace al sitio Web,
about_seo_section,Información SEO,
about_seo_title_label,SEO Título,
about_seo_desc_label,Descripción SEO,
about_seo_keywords_label,SEO,
about_social_section,Información Social,
about_facebook_label,Facebook,
about_gplus_label,Google+,
about_instagram_label,Instagram,
about_youtube_label,Youtube,
about_pinterest_label,Pinterest,
about_twitter_label,Gorjeo,
about_color_section,Sobre el sitio tema de color,
about_theme,Temas disponibles,
success_about_edit,Sobre está actualizado correctamente,
about_ads_analyt,Google Analytic y Anuncios Ajuste,
about_ads_client,anuncios de cliente,
about_ads_slot,anuncios Slot,
about_analyt_track_id,Id Track Analytic,
about_ads_on,Habilitar Google Adsense,
about_analyt_on,Habilitar Google Analytic,
about_img,Sobre la foto de portada,
about_nav_icon,Icono de navegación,
about_fav_icon,Fav Icon,
about_backend_icon,para backend,
total_label,total:,
device_label,Dispositivo,
devices_label,dispositivos,
registered_label,se ha registrado para notificaciones push,
noti_info,Notificación de inserción,
noti_message_label,Mensaje,
noti_message_tooltips,Por favor proporcione la messsage para la notificación de inserción.,
noti_send_btn,Enviar notificaciones push,
sorry_no_device,"Lo sentimos, no hay ningún dispositivo registrado para la notificación Push.",
select_cat,selecciona una categoría,
success_noti_add,La notificación se ha añadido con éxito,
success_noti_delete,La notificación se ha eliminado correctamente,
delete_noti_label,Notificación de eliminación?,
noti_yes_message,Notificación sí- eliminará a partir del sistema.,
push_message,Mensaje push,
noti_des_label,Descripción,
noti_img,notificación de fotos,
coupon_code_message,El código de cupón debe ser al menos 4. Por ejemplo ACE1,
coupon_amount_message,"El monto del descuento del cupón debe ser como 10, 20, 30 .. No es un porcentaje.",
coupon_add,Agregar Cupón,
coupon_info,información de la cupón,
coupon_name,Nombre cupón,
coupon_code,Código promocional,
coupon_amount,La cantidad de cupones,
coupon_edit,Editar Cupón,
coupon_search,Buscar Cupón,
success_coupon_add,Cupón ha sido agregado con éxito,
success_coupon_edit,Cupón ha sido actualizado correctamente,
success_coupon_delete,Cupón ha sido eliminado correctamente,
delete_coupon_label,Cupón de borrado?,
coupon_delete_confirm_message,Está seguro que desea eliminar este cupón?,
err_coupon_name,"Por favor, indique el nombre de cupón",
err_coupon_len,La longitud del cupón nombre debe ser mayor que 4,
err_coupon_exist,Cupón Nombre existía ya está en el sistema,
shipping_name,Nombre de envío,
shipping_price,Precio,
shipping_days,Dias,
shipping_add,Agregar método de envío,
shipping_edit,Editar método de envío,
shipping_search,Método de búsqueda de envío,
shipping_info,Método de envío de información,
success_shipping_add,Método de envío se ha añadido con éxito,
success_shipping_edit,Método de envío se ha actualizado correctamente,
success_shipping_delete,Método de envío se ha eliminado correctamente,
err_shipping_name,"Por favor, proporcione el nombre del método de envío",
err_shipping_len,La longitud de envío Nombre del método debe ser mayor que 4,
err_shipping_exist,Método de envío Nombre existía ya está en el sistema,
delete_shipping_label,Eliminar Método de envío?,
shipping_delete_confirm_message,Está seguro que desea eliminar este método de envío?,
tag_name,Nombre de etiqueta,
tag_img,Etiquetar foto,
tag_add,Añadir etiqueta,
tag_search,búsqueda de etiquetas,
tag_info,información de la etiqueta,
tag_icon,etiqueta Icono,
err_tag_name,"Por favor, indique el nombre de etiqueta",
err_tag_len,La longitud del nombre de etiqueta debe ser superior a 4,
err_tag_exist,Nombre de la etiqueta ya está existía en el sistema,
success_tag_add,Tag se ha añadido con éxito,
success_tag_edit,Se ha actualizado con éxito,
success_tag_delete,Tag se ha eliminado correctamente,
delete_tag_label,Etiquetas Eliminar?,
tag_delete_confirm_message,Está seguro que desea eliminar esta etiqueta?,
btn_version,Versión,
ver_info,Información de versión,
ver_no_label,versión n,
ver_msg_label,versión Mensaje,
ver_title_label,versión Título,
ver_force_update,Actualización de la versión de la Fuerza?,
ver_need_data,Versión clara necesidad de datos?,
success_version_add,Versión se ha añadido con éxito,
success_version_edit,Versión se ha actualizado correctamente,
paypal_transaction_failed,"Lo sentimos, la transacción de PayPal se falla.",
stripe_transaction_failed,"Lo sentimos, raya transacción ha fallado.",
err_user_not_exist,"Lo sentimos, las credenciales de inicio de sesión del usuario son incorrectas",
no_record,No más de Record,
delete_register_user_label,Eliminar usuario registrado?,
register_user_delete_confirm_message,¿Seguro borrar este usuario registrado?,
success_registered_user_delete,Usuario registrado se ha eliminado correctamente,
success_user_delete,El usuario ha sido eliminado correctamente,
user_ban,usuario Ban,
user_ban_label,Prohibición,
user_unban,eliminar la prohibición,
err_user_banned,"En este momento, no se puede iniciar sesión porque su cuenta está prohibida.",
no_record,No hay más registros,
invalid_api_key,Clave de API no es válido,
apikey_info,Información Clave API,
key_label,Llave,
success_apikey_edit,API Key se actualiza correctamente,
success_apikey_add,se agrega correctamente clave de API,
err_user_email_exist,El correo electrónico es el usuario ya existe,
trans_payment_method,Método de pago :,
trans_memo,memo:,
trans_item_sub_total,Artículo Sub Total:,
trans_coupon_discount_amount,Cupón de descuento Cantidad (-):,
trans_overall_tax,Fiscal general,
trans_shipping_cost,El coste de envío (Uso,
trans_shipping_tax,Impuesto de envío,
trans_total_balance_amount,Saldo total Monto:,
order_desc,Ordenar desde PS-Store:,
err_email_not_send_to_shop,"Lo sentimos, no un correo electrónico capaz de enviar el dueño de la tienda.",
err_email_not_send_to_user,"Lo sentimos, no un correo electrónico capaz de enviar al cliente.",
order_receive_subject,Nuevo orden ha sido recibida,
order_status_subject,estado del pedido pedido ha sido cambiado a,
country_name,Nombre del país,
country_add,Añadir País,
country_search,Buscar País,
country_edit,editar País,
country_info,Información del país,
success_country_add,País ha sido agregado con éxito,
success_country_edit,País se ha actualizado correctamente,
success_country_delete,País se ha eliminado correctamente,
delete_country_label,Eliminar País?,
country_yes_all_message,"Cuando eliminar este país, eliminará todas las ciudades y zonas relacionadas también. Así que, ¿todavía desea eliminarlo?",
err_country_name,"Por favor, indique el nombre del país",
err_country_len,La longitud del nombre del país debe ser mayor que 4,
err_country_exist,Nombre del país ya está existía en el sistema,
city_name,Nombre de la ciudad,
city_add,Añadir Ciudad,
select_country,Seleccione el nombre del país,
city_search,Buscar City,
city_edit,Editar City,
city_info,Información de la ciudad,
success_city_add,City ha sido agregado con éxito,
success_city_edit,La ciudad se ha actualizado correctamente,
success_city_delete,La ciudad se ha eliminado correctamente,
delete_city_label,Eliminar la ciudad?,
city_delete_confirm_message,Está seguro que desea eliminar esta ciudad?,
err_city_name,"Por favor, indique el nombre de la ciudad",
err_city_len,La longitud del nombre de la ciudad debe ser mayor que 4,
err_city_exist,Nombre de la ciudad ya existía en el sistema,
f_item_country_required,"Por favor, seleccione Nombre del país",
zone_name,Nombre de la zona,
zone_search,Zona de búsqueda,
zone_add,Añadir zona,
zone_edit,Editar Zona,
zone_info,Información de la zona,
select_city,Seleccionar Nombre de la ciudad (Selección múltiple),
success_zone_add,Zona ha sido agregado con éxito,
success_zone_edit,Zona se ha actualizado correctamente,
success_zone_delete,Zona se ha eliminado correctamente,
delete_zone_label,Eliminar Zona?,
zone_delete_confirm_message,¿Está seguro que desea borrar esta zona?,
err_zone_name,"Por favor, indique el nombre de zona",
err_zone_len,La longitud del nombre de zona debe ser mayor que 4,
err_zone_exist,Nombre de la zona ya está existía en el sistema,
f_item_city_required,"Por favor, seleccione Nombre de la ciudad",
select_zone,Seleccionar las zonas,
shipping_zone_add,Añadir envío con Zona,
shipping_zone_edit,Editar envío Zona Con,
shipping_zone_search,Buscar envío con Zona,
shipping_zone_info,Con el envío de información Zona,
success_shipping_zone_add,Con el envío zona se ha añadido con éxito,
success_shipping_zone_edit,Con el envío zona se ha actualizado correctamente,
success_shipping_zone_delete,Con el envío zona se ha eliminado correctamente,
delete_shipping_zone_label,Eliminar del envío con la Zona?,
shipping_zone_delete_confirm_message,¿Seguro eliminar este con la zona de envío?,
f_item_zone_required,"Por favor, seleccione Nombre de la zona",
shipping_package_name,Nombre del paquete de envío,
need_to_enable_zone_shipping,"Por favor, activa el envío a la zona de envío de configuración.",
dup_zone_name,Nombre de la zona ya está existió,
you_selected,Usted ha seleccionado,
per_order_based,Por orden basado,
cost,Costo,
per_item_based,Por artículo Basado,
delivery_increment_of_zone,Entrega Incremento de la Zona,
based_cost,Costo basado,
take_prd_shipping_cost,De tomar costes del Comida envío,
free_shipping,Envío gratis,
zone_from_other_package,Zona ya se selecciona el otro paquete.,
increment_formula,Fórmula: (Costo de envío del Comida) x (Valor de incremento) x (CANT.),
increment_note,Nota: Es preciso conjunto predeterminado es 1.,
cat_module,categorías,
contact_module,Contacte con nosotros Mensaje,
system_user_module,Los usuarios del sistema,
export_database_module,Base de datos de exportación,
subcat_module,subcategorías,
discount_module,descuentos,
blog_module,blogs,
product_module,Comidas,
collection_module,Colecciones,
noti_module,No es,
version_module,Versión,
comments_module,comentarios,
like_module,Gustos,
favourites_module,favoritos,
transaction_module,Actas,
popular_prd_module,Los Comidas más populares,
purchase_prd_module,La mayoría de los Comidas de compra,
popular_cat_module,Categorías más populares,
purchase_cat_module,La mayoría de las Categorías de Compras,
rate_prd_module,La mayoría de los mejores Comidas,
coupon_dis_module,Descuentos promocionales,
shipping_module,Método de envío,
app_module,Acerca de Aplicación,
shop_module,sobre la tienda,
register_user_module,Usuarios Registrados,
api_key_module,claves de la aPI,
countries_module,Países,
cities_module,ciudades,
zone_module,Zona,
shipping_zone_module,Envío con zonas,
language_module,idiomas,
entry_group,Entrada,
user_feedback_group,Comentarios de los usuarios,
user_mang_group,Gestión de usuarios,
reports_group,Informes,
miscellaneous_group,Diverso,
setting_group,Ajuste,
second_ago,segundo,
minute_ago,minuto,
hour_ago,hora,
day_ago,día,
week_ago,semana,
month_ago,mes,
year_ago,año,
decade_ago,década,
just_now_label,Justo ahora,
ago_label,hace,
btn_active,Activo,
lang_string,idioma cadena,
lang_name,Nombre del lenguaje,
lang_add,Agregar idioma,
lang_info,informaciones idioma,
lang_symbol,Símbolo,
lang_search,Buscar idioma,
lang_edit,Editar idioma,
success_lang_edit,El lenguaje ha sido actualizado correctamente,
success_lang_add,Se ha añadido con éxito,
success_lang_delete,El lenguaje ha sido eliminado correctamente,
err_lang_name,"Por favor, proporcione el nombre del idioma",
err_lang_len,La longitud del nombre de idioma debe ser mayor que 4,
err_lang_exist,Idioma El nombre ya se existía en el sistema,
delete_lang_label,Eliminar Idioma?,
lang_delete_confirm_message,¿Quieres eliminar toda la cadena de bajo que juntos idioma?,
lang_yes_all_label,Si todo,
lang_no_only_label,Sólo idioma,
lang_yes_all_message,Sí Todo - Lengua y artículos serán eliminar del sistema.,
language_id,Idioma,
lang_string_key,Llave,
lang_string_value,Valor,
lang_string_info,Información de cadena de idioma,
select_language,idioma seleccionado,
btn_import,Importar,
csv_symbol_link,archivo CSV de ejemplo aquí,
lang_str_search,Búsqueda Idioma Cadena,
success_langstr_import,Idioma Cadena éxito archivo CSV subidos,
lang_str_add,Agregar idioma de cuerdas,
lang_str_edit,Editar cadena Idioma,
lang_deactive,Desactivado,
success_lang_str_edit,Idioma cadena se ha actualizado correctamente,
success_lang_str_add,Idioma cadena se ha añadido con éxito,
err_lang_str_name,Sírvanse proporcionar lengua nombre de cadena,
err_lang_str_len,La longitud de la cadena de lenguaje debe ser superior a 4,
err_lang_str_exist,Idioma cadena está ya existía en el sistema,
lang_title,Eliminado Idioma?,
lang_warning,No se puede eliminar el lenguaje activo.,
btn_ok,Okay,
list_lang_label,idiomas,
list_lang_str_label,series de idioma,
err_lang_symbol,Sírvanse proporcionar símbolo de idioma,
pls_att_name,"Por favor, nombre de Personalizada Detalle",
remove_label,Eliminar,
btn_no,No,
pls_city_name,Por favor Nombre de la ciudad,
pls_collect_name,Por favor Nombre de la colección,
pls_dis_percent,"Por favor, Porcentaje de descuento",
pls_prd_name,Por favor Nombre del Comida,
pls_highlight_info,Por favor resaltar la información,
pls_code,Entre el código de,
pls_unit_price,"Por favor, precio unitario",
pls_shipping_cost,Por favor coste de envío,
pls_minimum_order,Por favor Pedido mínimo,
pls_prd_measurement,Por favor Medición del Comida,
pls_prd_unit,Por favor Unidad Comida,
pls_search_tag,Por favor Etiqueta de búsqueda,
pls_prd_desc,Por favor Descripción del Comida,
pls_shipping_name,"Por favor, envío Nombre del paquete",
per_order_post,Coste por pedido,
pls_sub_cat,Por favor Subcategoría Nombre,
pls_zone_name,Por favor Nombre de la zona,
success_reset_email_sent,Restablecer correo electrónico se envía con éxito,
err_touch_count,Problema In Touch cuenta!,
coupon_not_found,Su código de cupón es válido.,
require_user_id,Requerido ID de usuario,
require_platform,Plataforma requerida,
file_na,No disponible,
token_already_exist,"Lo sentimos, dispositivo de señal ya existe.",
err_noti_register,"Lo sentimos, no hay problema para el registro de notificaciones push.",
success_noti_register,El dispositivo registrado con éxito para notificaciones push.,
success_noti_unregister,El dispositivo no registrado con éxito para notificaciones push.,
err_noti_unregister,"Lo sentimos, existe el problema de la eliminación del registro de notificaciones push.",
err_in_noti_read,"Lo sentimos, la notificación no es capaz de leer.",
success_touch_count,Toque Recuento insertado correctamente.,
backend_setting_module,Ajuste backend,
backend_config_info_lable,Información de configuración de back-end,
sender_name_label,Nombre del remitente,
receive_email_label,Recibir correo,
sender_email_label,Correo electrónico del remitente,
img_section,Sección imagen,
fcm_api_key_label,clave de API FCM,
backend_login_img,Iniciar sesión Imagen de fondo backend,
backend_logo,backend Logo,
backend_fav_icon,Backend Fav Ico,
upload_backend_logo,Subir backend Logo,
upload_fav_icon,Subir Fav Icon,
upload_login_img,Subir sesión de fotos,
pwd_reset_label,Restablecimiento de contraseña,
pwd_reset_link,"Por favor, haga clic en el siguiente enlace para restablecer la contraseña",
reset_link_label,Restablecer la contraseña,
best_regards_label,Atentamente,
hi_admin_label,Hola administración,
name_label,Nombre,
email_label,Email,
phone_label,Teléfono,
msg_label,Mensaje,
bank_acc_label,Cuenta bancaria :,
bank_name_label,Nombre del banco :,
bank_code_label,Codigo bancario :,
branch_code_label,Código de sucursal,
swift_code_label,código SWIFT,
pay_met_cod,Forma de pago: Pago contra entrega,
pay_met_paypal,Forma de pago: Paypal,
pay_met_stripe,Forma de pago: Raya,
pay_met_bank,Forma de pago: Transferencia bancaria <br>,
price_label,Precio:,
unit_label,Unidad,
shipping_cost_label,Costo de envío,
qty_label,CANT,
hi_label,Hola,
order_receive_info,Nuevo orden es recibida con la información siguiente.,
trans_code,Trans. Código,
trans_status_label,Trans. Estado,
billing_cus_name,Nombre del cliente de facturación,
billing_add1,Dirección de facturación 1,
billing_add2,Dirección de facturación 2,
billing_phone,Teléfono de facturación,
billing_email,Correo Electrónico de Facturas,
billing_shipping_name,Facturación Nombre de envío,
shipping_add1,Dirección de envío 1,
shipping_add2,Dirección de envío 2,
shipping_phone,Teléfono envío,
shipping_email,el envío de correo electrónico,
memo_label,Memorándum,
zone_shipping,zona de envío,
prd_detail_info,Datos del Comida Información por debajo,
sub_total,Sub total,
coupon_dis_amount,Cupón de descuento Cantidad (-),
overall_tax,En general Tributaria (+),
shipping_cost,El coste de envío (+),
shipping_tax,Impuesto de envío (+),
total_bal_amt,Equilibrio Total Importe,
no_country_available,"En este momento, los países de envío no están disponibles.",
user_register_success_but_email_not_send,"el éxito de registro de usuario de correo electrónico, pero no envían.",
new_user_register,Nuevo registro de cuentas de usuario,
verify_code_sent,Código de verificación ha sido enviado,
write_reply_label,Escribe una respuesta...,
success_backend_edit,Backend ajuste se ha actualizado correctamente,
topics_label,temas,
smtp_section,Configuración SMTP,
smtp_host_label,Host SMTP,
smtp_host_placeholder,por ejemplo: ssl: //smtp.hostmail.com,
smtp_port_label,Número de puerto SMTP,
smtp_enable,Habilitar SMTP?,
smtp_user_label,usuario SMTP,
smtp_pass_label,Contraseña SMTP,
lang_active,Activo,
dashboard_label,Tablero,
cannot_deactive,"Lo sentimos, no se puede desactivar.",
err_symbol_exist,El símbolo de idioma ya existe en el sistema,
new_user_acc,Su nueva cuenta de usuario ha sido creada. Bienvenido a Flutter Restaurant. Verifique con el código a continuación para activar su cuenta.,
verify_code_label,Código verificado,
restaurant_branch_module,Ramas de restaurantes,
shop_rates_module,Restaurante más calificado,
reservation_module,Reservaciones,
trans_status_module,estado de la transacción,
deli_status_module,Estado de entrega,
payment_status_module,Estado de pago,
deliboys_module,Delivery Boy Management,
add_on_module,Añadir,
shipping_areas_module,Zona de envío,
app_configs_module,Configuración de la aplicación,
food_add_img,Agregar imagen,
food_add_name,Agregar nombre,
food_add_description,Descripción,
food_add_price,Precio,
food_additional_info,Agregar información,
err_food_add_name,Proporcione Agregar nombre.,
err_food_add_len,La longitud de Add On Name debe ser mayor que 4,
err_food_add_exist,Add On Name ya existe,
food_additional_add,Agregar Agregar,
additional_search,Búsqueda Add On,
additional_edit,Editar Agregar,
success_additional_edit,Complemento ha sido actualizado con éxito.,
success_additional_add,Complemento ha sido agregado exitosamente.,
success_additional_delete,Complemento ha sido eliminado exitosamente.,
branch_name,Nombre,
branch_description_label,Descripción,
branch_address_label,Habla a,
branch_phone_label,Teléfono,
branch_info,Información de sucursal del restaurante,
branch_img,Foto de Restaurant Branch,
err_branch_name,Por favor,nombre de la sucursal del restaurante
err_branch_len,La longitud del nombre de la sucursal del restaurante debe ser mayor que 4,
err_branch_exist,La sucursal del restaurante ya existe,
err_branch_description,Proporcione la descripción del restaurante.,
err_branch_address,Proporcione la dirección de la sucursal del restaurante.,
err_branch_phone,Proporcione el teléfono de la sucursal del restaurante.,
branch_add,Agregar sucursal de restaurante,
branch_search,Buscar sucursal de restaurante,
success_branch_edit,Restaurant Branch ha sido actualizado con éxito.,
success_branch_add,La sucursal del restaurante ha sido exitosa,
success_branch_delete,Se ha eliminado la sucursal del restaurante.,
deli_status_title,Título,
deli_status_add,Agregar estado de entrega,
err_deli_status_name,Proporcione el título del estado de entrega,
err_deli_status_len,La duración del título del estado de entrega debe ser mayor que 4,
err_deli_status_exist,Buscar estado de entrega,
deli_status_search,Buscar estado de entrega,
deli_status_edit,Editar estado de entrega,
success_deli_status_edit,El estado de entrega se ha editado correctamente.,
success_deli_status_add,El estado de entrega se ha agregado correctamente.,
success_deli_status_delete,El estado de entrega se ha eliminado con éxito.,
deli_status_yes_all_message,¿Estás segura de eliminar este estado de entrega?,
delete_deli_status_label,¿Eliminar estado de entrega?,
pay_status_info,Información de estado de pago,
err_pay_status_name,Proporcione el título del estado del pago.,
err_pay_status_len,La duración del estado de pago debe ser mayor que 4,
err_pay_status_exist,El estado de pago ya existe.,
pay_status_add,Agregar estado de pago,
pay_status_search,Buscar estado de pago,
pay_status_edit,Editar estado de pago,
success_pay_status_edit,El estado de pago se ha editado correctamente,
success_pay_status_add,Payment Status has been successfully added,
success_pay_status_delete,El estado de pago se ha eliminado correctamente.,
delete_pay_status_label,¿Eliminar estado de pago?,
pay_status_yes_all_message,¿Estás segura de eliminar este estado de pago?,
trans_status_info,Información del estado de la transacción,
err_trans_status_name,Proporcione el título del estado de la transacción.,
err_trans_status_len,La duración del estado de la transacción debe ser superior a 4,
err_trans_status_exist,El estado de la transacción ya existe,
trans_status_search,Buscar estado de transacción,
trans_status_add,Agregar estado de transacción,
delete_trans_status_label,¿Eliminar el estado de la transacción?,
trans_status_edit,Editar estado de transacción,
success_trans_status_edit,El estado de la transacción se ha editado correctamente.,
success_trans_status_add,La transacción se ha agregado con éxito.,
success_trans_status_delete,El estado de la transacción se ha eliminado con éxito.,
trans_status,Estado de transacciones:,
trans_status_yes_all_message,¿Estás segura de eliminar este estado de transacción?,
shp_area_price,Precio,
err_shp_area_name,"Por favor,nombre del área de envío",
shp_area_info,Información del área de envío,
shp_area_add,Agregar área de envío,
err_shp_area_exist,El área de envío ya existía,
success_shp_area_edit,El área de envío ha sido editada.,
shp_area_edit,Editar área de envío,
success_shp_area_add,El área de envío se ha agregado con éxito.,
success_shp_area_delete,El área de envío ha sido eliminada.,
shp_area_name,Nombre del área,
shp_area_search,Buscar área de envío,
err_shp_area_len,La longueur de la zone d'expédition doit être supérieure à 4,
delete_shp_area_label,¿Eliminar área de envío?,
shp_area_delete_confirm_message,¿Estás segura de eliminar esta Área de envío?,
app_config_info,Información de configuración de la aplicación,
success_app_config_edit,La configuración de la aplicación se ha actualizado correctamente.,
app_configs_module,Configuración de la aplicación,
module_group_lang,Grupo de módulos,
group_name,Nombre del grupo de módulos,
group_icon,Icono de grupo de módulos,
group_lang_key,Clave de idioma,
group_info,Información del grupo de módulos,
group_search,Grupo de módulos de búsqueda,
group_add,Agregar grupo de módulos,
success_group_edit,El grupo de módulos ha sido editado con éxito,
success_group_add,El grupo de módulos ha sido agregado exitosamente,
group_edit,Editar grupo de módulos,
success_group_delete,El grupo de módulos se ha eliminado correctamente,
err_group_name,Por favor proporcione el grupo de módulos,
err_group_len,La longitud del nombre del grupo de módulos debe ser mayor que 4,
err_group_exist,El nombre del grupo del módulo ya existe,
module_lang,Módulo,
module_desc,Descripción,
module_ordering,Ordenar,
module_add,Agregar módulo,
module_info,Información del módulo,
module_name,Nombre del módulo,
is_show_on_menu,¿Mostrar en el menú?,
module_lang_key,Clave de idioma del módulo,
module_select_group,Seleccionar grupo de módulos,
delete_module_label,¿Eliminar módulo?,
module_delete_confirm_message,¿Estás segura de eliminar este módulo?,
delete_group_label,¿Eliminar grupo de módulos?,
group_delete_confirm_message,¿Estás segura de eliminar este grupo de módulos?,
err_module_name,Por favor proporcione el nombre del módulo,
err_module_len,La longitud del nombre del módulo debe ser mayor que 4,
err_module_exist,El nombre del módulo ya existe,
module_search,Nombre del módulo de búsqueda,
success_module_edit,El módulo ha sido actualizado con éxito.,
success_module_add,El módulo se ha agregado con éxito.,
module_edit,Editar módulo,
success_module_delete,El módulo se ha eliminado con éxito.,
prd_ordering,Ordenar,
prd_ingredient,Ingrediente,
prd_nutrient,Nutritiva,
delete_system_user_label,¿Eliminar usuario del sistema?,
system_user_delete_confirm_message,¿Está seguro de eliminar este usuario del sistema?,
color_code,Color del estado de la transacción,
deli_status_ordering,Ordenar,
final_stage,Etapa final,
final_stage_delete,La etapa final no se puede eliminar.,
start_stage_delete,La etapa de inicio no se puede eliminar.,
fcm_api_key_deli_boy_label,Delivery Boy fcm api key,
policy_info,Información de política de privacidad,
content_label,Contenido,
privacy_policy_module,Política de privacidad,
success_policy_edit,La política de privacidad ha sido actualizada con éxito,
success_policy_add,La política de privacidad ha sido agregada exitosamente,
not_yet_activate,Su cuenta aún no está activada.,
user_status,Estatus de usuario,
order_submit,orden enviada,
deliveried,Entregada,
delete_deliboy_label,Eliminar Entrega niño?,
deliboy_delete_confirm_message,¿Seguro eliminar este Delivery Boy?,
success_deliboy_delete,Muchacho de salida se ha eliminado correctamente,
price_level,Nivel de precios,
highlighted_info,La información destacada,
restaurant_version,Flutter Restaurant Versión,
deliboy_version,Delivery Boy Version,
err_user_phone_exist,El teléfono del usuario ya existe.,
razor_enabled_label,Se habilita la maquinilla de afeitar?,
razor_label,[Opción 6]: El pago Con Razor,
razor_key_label,clave de afeitar,
banktransfer_label,[Opción 3]: pago con transferencia bancaria,
err_user_phone_exist,El teléfono del usuario ya existe.
about_me,Sobre mí,
trans_prd_checkout,"Lo sentimos, uno de los productos seleccionados no está disponible en nuestro sistema."
img_configuration,Configuración de imagen
land_width_label,Ancho del paisaje
potrait_height_label,Altura vertical
square_label,Altura Cuadrada
user_banned,"Lo sentimos, tu cuenta está prohibida."
err_user_not_existed,Su cuenta no se existía en el sistema.
err_lat_lng,La latitud y longitud no debe ser 0.0.
record_not_found,000 ## Lo sentimos
no_record_pagination,10002 ## Lo sentimos
email_verification_enabled, Verificación de correo electrónico habilitada?
minimum_order_amount, Cantidad mínima de pedido
approve_message_1,Enhorabuena! Entrega aprobado Boy (
approve_message_2,)
reject_message_1,¡Lo siento! Entrega rechazada Boy (
reject_message_2,)
banusers_module,Lista de Usuarios Ban
btn_view,Ver
btn_back,Espalda
user_auto_approved,"Su nueva cuenta de usuario ha sido creada. Bienvenido a revolotear restaurante."
reservation_lang_module,Reservaciones
restaurant_branches_module,Ramas de Restaurante
resv_info,Informations de réserve
resv_date_label,Date de réservation (JJ / MM / AAAA)
resv_time_label,Temps de réserve (HH: MM) Format 24 heures
reserved_by,Réservé par
resv_note,Remarque additionnelle
resv_status,État de la réservation
trans_delivery_pickup_date,Fecha de recogida de entrega:
trans_delivery_pickup_time,Hora de recogida de entrega:
pickup_message,Mensaje de recogida
pickup_label,[Opción 6]: Pago con recogida
pickup_enabled,¿Está habilitado la recogida?
cus_pick_up_order,La cliente recogerá para este pedido.
success_logout,El usuario ha sido exitosamente cierre de sesión.
paystack_setting,Ajuste Paystack,,
paystack_label,[Opción 7]: El pago con Paystack,,
paystack_key_label,Paystack clave,,
paystack_enabled_label,Está habilitado Paystack?,,
btn_duplicate,Duplicada
success_prd_duplicate_add,El artículo duplicado se ha agregado correctamente,
err_lat,Sírvanse proporcionar Latitud,,
err_lng,Sírvanse proporcionar Longitud,,
err_lat_lng,Su latitud y longitud no debe ser 0.0,,
lat_invlaid,"La latitud debe estar entre -90 y 90 grados, ambos inclusive.",,
lng_invlaid,La longitud debe ser de entre -180 y 180 grados inclusive.,,
maximum_order,máxima Orden
pls_maximum_order,Por favor pedido máximo
deeplink_section,Sección de enlace profundo,,
dyn_link_key_label,Clave de enlace dinámico,,
dyn_link_url_label,URL de enlace dinámico,,
dyn_link_package_name_label,Nombre del paquete de vinculación dinámica,,
dyn_link_domain_label,Dominio de enlace dinámico,,
dyn_link_deep_url_label,URL de enlace profundo,,
prd_dynamic_link_label,Enlace dinámico del producto,,
dyn_link_package_name_ios, Dinámica que une el nombre del paquete IOS
dyn_link_ios_appstore_id,Enlazado dinámico IOS AppStore Id
prd_image,Imagen del producto